Neptun,Random_seed
MDQVIC,5259
SKCWF3,2286
P622VN,4623
DIP0FH,7695
DJX67J,8724
E6W1VM,3429
DGUQKF,1712
K1ZDJF,3962
G4Q311,7426
AYKN6P,7225
DYXX8X,4792
UYB4N2,9699
BTMCS4,6516
DTG2YI,5339
V619WR,8083
MF5JDY,9593
DQWMYW,1230
Q3BNKC,3319
TXC54G,4862
Y80L35,6556
OTO3RC,5893
DB6GYY,5698
IJCTBR,1014
GQ593O,9017
D0XK5B,3574
CQD3YU,7364
LVUB0T,6707
DBOU00,7136
BYB1KT,2804
COI6I3,3112
LJZR1U,1866
SFL29S,6108
WKZINA,2907
FJ64ME,1915
IXYPUO,1312
I7UHOZ,8685
O1XZTL,6351
FJ6HOM,8156
E7EJPL,7425
U79TRP,6624
RG8RBO,1513
SARVRR,5194
BJGWVD,9905
CSHROB,3085
UOOGVK,1659
BSFR83,5407
E7A8YK,4222
ATIYUB,7868
AE92AW,2678
I0H4OC,5809
VXA1LW,3303
A2M4OD,8433
